{"IcoMoonType":"selection","icons":[{"icon":{"paths":["M512 170l342 342-342 342-60-60 238-240h-520v-84h520l-238-240z"],"attrs":[],"isMulticolor":false,"isMulticolor2":false,"tags":["arrow_forward"],"grid":24},"attrs":[],"properties":{"ligatures":"arrow_forward","id":593,"order":12,"prevSize":24,"code":59648,"name":"arrow_forward"},"setIdx":0,"setId":3,"iconIdx":593},{"icon":{"paths":["M708 366l60 60-256 256-256-256 60-60 196 196z"],"attrs":[],"isMulticolor":false,"isMulticolor2":false,"tags":["expand_more"],"grid":24},"attrs":[],"properties":{"ligatures":"expand_more","id":597,"order":11,"prevSize":24,"code":59649,"name":"expand_more"},"setIdx":0,"setId":3,"iconIdx":597},{"icon":{"paths":["M512 736l-264 160 70-300-232-202 306-26 120-282 120 282 306 26-232 202 70 300z"],"attrs":[],"isMulticolor":false,"isMulticolor2":false,"tags":["star","grade"],"grid":24},"attrs":[],"properties":{"ligatures":"star, grade","id":703,"order":13,"prevSize":24,"code":59650,"name":"star"},"setIdx":0,"setId":3,"iconIdx":703},{"icon":{"paths":["M512 658l160 96-42-182 142-124-188-16-72-172-72 172-188 16 142 124-42 182zM938 394l-232 202 70 300-264-160-264 160 70-300-232-202 306-26 120-282 120 282z"],"attrs":[],"isMulticolor":false,"isMulticolor2":false,"tags":["star_outline"],"grid":24},"attrs":[],"properties":{"ligatures":"star_outline","id":705,"order":14,"prevSize":24,"code":59651,"name":"star_outline"},"setIdx":0,"setId":3,"iconIdx":705},{"icon":{"paths":["M512 910l-62-56q-106-96-154-142t-107-114-81-123-22-113q0-98 67-166t167-68q116 0 192 90 76-90 192-90 100 0 167 68t67 166q0 78-52 162t-113 146-199 186z"],"attrs":[],"isMulticolor":false,"isMulticolor2":false,"tags":["favorite"],"grid":24},"attrs":[],"properties":{"ligatures":"favorite","id":746,"order":16,"prevSize":24,"code":59652,"name":"favorite"},"setIdx":0,"setId":3,"iconIdx":746},{"icon":{"paths":["M516 792q96-86 142-130t100-104 75-106 21-90q0-64-43-106t-107-42q-50 0-93 28t-59 72h-80q-16-44-59-72t-93-28q-64 0-107 42t-43 106q0 44 21 90t75 106 100 104 142 130l4 4zM704 128q100 0 167 68t67 166q0 58-22 113t-81 123-107 114-154 142l-62 56-62-54q-138-124-199-186t-113-146-52-162q0-98 67-166t167-68q116 0 192 90 76-90 192-90z"],"attrs":[],"isMulticolor":false,"isMulticolor2":false,"tags":["favorite_outline"],"grid":24},"attrs":[],"properties":{"ligatures":"favorite_outline","id":747,"order":15,"prevSize":24,"code":59653,"name":"favorite_outline"},"setIdx":0,"setId":3,"iconIdx":747}],"height":1024,"metadata":{"name":"icomoon"},"preferences":{"showGlyphs":true,"showQuickUse":true,"showQuickUse2":true,"showSVGs":true,"fontPref":{"prefix":"icon-","metadata":{"fontFamily":"icomoon"},"metrics":{"emSize":1024,"baseline":6.25,"whitespace":50},"embed":false},"imagePref":{"prefix":"icon-","png":true,"useClassSelector":true,"color":0,"bgColor":16777215,"classSelector":".icon"},"historySize":50,"showCodes":true,"gridSize":16}}