{"IcoMoonType":"selection","icons":[{"icon":{"paths":["M512 170l342 342-342 342-60-60 238-240h-520v-84h520l-238-240z"],"attrs":[],"isMulticolor":false,"isMulticolor2":false,"tags":["arrow_forward"],"grid":24},"attrs":[],"properties":{"ligatures":"arrow_forward","id":593,"order":12,"prevSize":24,"code":59648,"name":"arrow_forward"},"setIdx":0,"setId":3,"iconIdx":593},{"icon":{"paths":["M708 366l60 60-256 256-256-256 60-60 196 196z"],"attrs":[],"isMulticolor":false,"isMulticolor2":false,"tags":["expand_more"],"grid":24},"attrs":[],"properties":{"ligatures":"expand_more","id":597,"order":11,"prevSize":24,"code":59649,"name":"expand_more"},"setIdx":0,"setId":3,"iconIdx":597}],"height":1024,"metadata":{"name":"icomoon"},"preferences":{"showGlyphs":true,"showQuickUse":true,"showQuickUse2":true,"showSVGs":true,"fontPref":{"prefix":"icon-","metadata":{"fontFamily":"icomoon"},"metrics":{"emSize":1024,"baseline":6.25,"whitespace":50},"embed":false},"imagePref":{"prefix":"icon-","png":true,"useClassSelector":true,"color":0,"bgColor":16777215,"classSelector":".icon"},"historySize":50,"showCodes":true,"gridSize":16}}